<?xml version="1.0" encoding="UTF-8"?>
<files>
<file><path>images/kservices-big.png</path><md5>7f5981297f6e758c42fb8e5b50891549</md5><size>19890</size></file>
<file><path>images/wizActiveStepLeft.gif</path><md5>393ff2231b7d4927bbde385aea361d9c</md5><size>362</size></file>
<file><path>images/bg.gif</path><md5>a315146ab814c73632480136576cd271</md5><size>64</size></file>
<file><path>images/wizStepRight.gif</path><md5>0ba00f001f771c068e88d2022dd47530</md5><size>425</size></file>
<file><path>images/database exi.png</path><md5>04d0d684bebbd3f01055582bfbf1c607</md5><size>14728</size></file>
<file><path>images/erwanServices.jpg</path><md5>728fca751a8246b825259e50bfed5f99</md5><size>2839</size></file>
<file><path>images/validation_error.png</path><md5>adebed3ea8aea657beb63c9f24dc8727</md5><size>1469</size></file>
<file><path>images/Resize of erwanBuidling.jpg</path><md5>ab018773de269ed71a7137fc6a3e0f99</md5><size>976</size></file>
<file><path>images/red-header.gif</path><md5>c73b8765f0c8c3c183cb6a0c2bb0ec69</md5><size>122</size></file>
<file><path>images/truncated.png</path><md5>c6f91108afe8159d417b4dc556cd3b2a</md5><size>1429</size></file>
<file><path>images/software.jpg</path><md5>1fee2bd79124d075ea4b42afec9221f7</md5><size>2186</size></file>
<file><path>images/bandeau2.gif</path><md5>25304fcc06535f40f3d0dde9822620d0</md5><size>1222</size></file>
<file><path>images/clean-mid.png</path><md5>6680be53bf33be1f3b93ff5d234aaade</md5><size>2406</size></file>
<file><path>images/ac-background.gif</path><md5>76135f3697b41a15aed787cfd77776c7</md5><size>61</size></file>
<file><path>images/bell.png</path><md5>cafe9b4bffeb00006d3dbb2387af3791</md5><size>12978</size></file>
<file><path>images/clean.png</path><md5>9ee137153884c30a08e72e2f1e948d54</md5><size>8714</size></file>
<file><path>images/green-corner.png</path><md5>8c504a2b211d025b549b87b7c4951f8e</md5><size>287</size></file>
<file><path>images/charts.swf</path><md5>527880a7d0f2d2139b66acc2486d4b9f</md5><size>29627</size></file>
<file><path>images/green-square.gif</path><md5>16ea9a497d72f5e66e4e8ea9ae08024e</md5><size>56</size></file>
<file><path>images/added.png</path><md5>2300d52a5147016e82f2c4145b7e9e8c</md5><size>463</size></file>
<file><path>images/iTop-icon.png</path><md5>0ca736f3fa43c3b2aaedbbfff7810afd</md5><size>608</size></file>
<file><path>images/splitter-top-corner.png</path><md5>0056f493292390aea576800b118f1177</md5><size>881</size></file>
<file><path>images/database.png</path><md5>633287d47249f6d314fc3aef7bd637df</md5><size>13514</size></file>
<file><path>images/info.png</path><md5>404f1e573ccc45b8ae752d5a514c7462</md5><size>13918</size></file>
<file><path>images/iTop.gif</path><md5>629cdec74c7ad1a42949277047573b5e</md5><size>3681</size></file>
<file><path>images/vgrabber2.gif</path><md5>e9188759afef9a56f99343898c5cd73a</md5><size>381</size></file>
<file><path>images/modified.png</path><md5>d1e4c2a046e04632297c02af419335a8</md5><size>660</size></file>
<file><path>images/imageChange.png</path><md5>b52452d80785b2708c68359730f2d23d</md5><size>2107</size></file>
<file><path>images/splitter-bkg.png</path><md5>bc8331b2e20818c839ddff0784ec40b1</md5><size>245</size></file>
<file><path>images/erwanContracts2.jpg</path><md5>96fe3440d04d9a1f759f35594ef06155</md5><size>3298</size></file>
<file><path>images/unchanged.png</path><md5>b8bac4f8314626ef7a8abe8377af697a</md5><size>688</size></file>
<file><path>images/tv-item-last.gif</path><md5>2ae7e1d9972ce71e5caa65a086bc5b7e</md5><size>65</size></file>
<file><path>images/setup-support.gif</path><md5>af9520d2b5c09db4c4be89d5da0231b8</md5><size>23317</size></file>
<file><path>images/location.gif</path><md5>c3d6f1bc5a01de0c8f5426d5c7c626e4</md5><size>998</size></file>
<file><path>images/orange-header.gif</path><md5>ce1f93f0af64431771b4cbd6c99c567b</md5><size>122</size></file>
<file><path>images/onOffBtn.png</path><md5>06c568c77cdbd330c3bb13fe29eb610d</md5><size>727</size></file>
<file><path>images/users2-big.png</path><md5>7655514b124a756ab6c107eb87cbea2f</md5><size>11703</size></file>
<file><path>images/splitter-top.png</path><md5>71958077458acbf717f0f0bfeec53334</md5><size>169</size></file>
<file><path>images/erwanDocument.jpg</path><md5>0efc5499e4f2dc378ccd4c2e22819db5</md5><size>887</size></file>
<file><path>images/info-mid.png</path><md5>d4fea1c48dee382bba6661f073948b0d</md5><size>3165</size></file>
<file><path>images/erwanTools.jpg</path><md5>4210616ae369d2d1cef8cf718af02b33</md5><size>2247</size></file>
<file><path>images/magnifier.gif</path><md5>5d00fca742916d6de027759e95e98738</md5><size>534</size></file>
<file><path>images/itop-logo.png</path><md5>bff56f34d9aede1c2c17917222540ca2</md5><size>2466</size></file>
<file><path>images/mail.png</path><md5>f1db668ab40c8beede071891f873e294</md5><size>348</size></file>
<file><path>images/tar.png</path><md5>e8abd453eb104f137c490578fbe5bea3</md5><size>20427</size></file>
<file><path>images/laptop_pcmcia.png</path><md5>d5e523a3e4b815eccbffed8fb6b80ffc</md5><size>15250</size></file>
<file><path>images/documents.jpg</path><md5>1fb29c91c16b4fd6c52d407138d81a4a</md5><size>7871</size></file>
<file><path>images/erwanPC.jpg</path><md5>799d532c07896bf326d54fe72ae4c8ba</md5><size>828</size></file>
<file><path>images/plus.gif</path><md5>f00e1e6e1161f48608bb2bbc79b9948c</md5><size>142</size></file>
<file><path>images/error.png</path><md5>1af8a1041016f67669c5fd22dc88c82e</md5><size>543</size></file>
<file><path>images/erwanNetwork.jpg</path><md5>818f286ae1a6969b1099f511a194737d</md5><size>766</size></file>
<file><path>images/hgrabber2_active.gif</path><md5>aff3efdb86544ebf6bcff7acaa11623d</md5><size>220</size></file>
<file><path>images/contacts.gif</path><md5>80c114277f9c689ccdc6505c344fd283</md5><size>1057</size></file>
<file><path>images/welcome.jpg</path><md5>d00939f0b1dcc76f66046c48fe42c947</md5><size>23197</size></file>
<file><path>images/erwanTask.jpg</path><md5>7bc7c9c9f4b0bf39105d4a3948483577</md5><size>2914</size></file>
<file><path>images/tv-item.gif</path><md5>719fe2d4566108e73162fb8868d3778c</md5><size>750</size></file>
<file><path>images/tv-collapsable-last.gif</path><md5>71acaa9d7c2616e9e8b7131a75ca65da</md5><size>85</size></file>
<file><path>images/mini-arrow-green-open.gif</path><md5>78ab28f927c4dca2e5f9e3697ba5579b</md5><size>53</size></file>
<file><path>images/zoom.gif</path><md5>dde8356d71e3a1451074dd23aeafb9be</md5><size>275</size></file>
<file><path>images/left-bkg.png</path><md5>25222d366457d6c900fdb447688b81b9</md5><size>215</size></file>
<file><path>images/erwanContracts.jpg</path><md5>0879c2704354616e7e7855c2429463a8</md5><size>1830</size></file>
<file><path>images/erwanContracts3.jpg</path><md5>122516e24538ac257bf9d0eaaa47a4e6</md5><size>2609</size></file>
<file><path>images/erwanIncidents.jpg</path><md5>c7ec623fc4547cc39643035eb05a8341</md5><size>861</size></file>
<file><path>images/banner-search.png</path><md5>082fe8ef88eed4d466fcfd4781ce2b67</md5><size>562</size></file>
<file><path>images/bandeau3.gif</path><md5>f9c7573c65a93e47c812daf73ea319b7</md5><size>132</size></file>
<file><path>images/back.png</path><md5>ebd518656ec838195f9d3a401219e23b</md5><size>3704</size></file>
<file><path>images/Resize of erwanBuilding.jpg</path><md5>925abfb328eecd34881b9d004c8cf066</md5><size>853</size></file>
<file><path>images/setup-register.gif</path><md5>347d6cd046ae23622068867f54bb593d</md5><size>24923</size></file>
<file><path>images/connect_to_network.png</path><md5>2aec878eb59f905ce993f8a5459c71b0</md5><size>15254</size></file>
<file><path>images/csv.png</path><md5>30c05f1e6e7d17df75298fb99bc5b909</md5><size>7048</size></file>
<file><path>images/setup-training.gif</path><md5>020d4166dcdec383f8a1a6e726d0ff9a</md5><size>25735</size></file>
<file><path>images/actions_right.png</path><md5>ebba70103b5f867aef5bdb78e95ffbf5</md5><size>283</size></file>
<file><path>images/open-flash-chart.swf</path><md5>26ed7a4d583c54f0e403384f68958601</md5><size>276186</size></file>
<file><path>images/left-border.gif</path><md5>bcc6a2ded2b127f91c40c9aff7dc0440</md5><size>83</size></file>
<file><path>images/password.png</path><md5>d17fe428f0f77c18433bf122a6bb87fc</md5><size>3286</size></file>
<file><path>images/wan-mid.gif</path><md5>c9b93428d53f5ad2d0b6e6706161dddd</md5><size>547</size></file>
<file><path>images/Resize of Resize of erwanPC.jpg</path><md5>f8518aecec17b61416d954f2e4cf00dc</md5><size>866</size></file>
<file><path>images/validation_ok.png</path><md5>6663e9477ac6dafc4cfcc5b5cfac4d9d</md5><size>623</size></file>
<file><path>images/stop-mid.png</path><md5>7a2db1646aefdc8432b6971fc1566d0d</md5><size>2616</size></file>
<file><path>images/indicator.gif</path><md5>03ce3dcc84af110e9da8699a841e5200</md5><size>1553</size></file>
<file><path>images/tv-expandable.gif</path><md5>a2d1af4128e4a798a7f3390b12a28574</md5><size>787</size></file>
<file><path>images/iTop2.gif</path><md5>26d8b95628707c4533601da656b47b98</md5><size>3765</size></file>
<file><path>images/charts_library/brst.swf</path><md5>25856b3af5165b1d223677a6ccaaaafe</md5><size>6854</size></file>
<file><path>images/charts_library/clno.swf</path><md5>5814744fd12b81849f1f4fe2d151bac7</md5><size>6632</size></file>
<file><path>images/charts_library/clfl.swf</path><md5>6ba585c95c25a269a5c41cf25f2129d6</md5><size>6613</size></file>
<file><path>images/charts_library/pono.swf</path><md5>f5bbc9a1e0fe259238ab81f07dcc1f3c</md5><size>8178</size></file>
<file><path>images/charts_library/pi3d.swf</path><md5>60aa39cf490a348598ef996968d8e51b</md5><size>8592</size></file>
<file><path>images/charts_library/clst.swf</path><md5>ccf108f7516cc1ea78a252cf9747769a</md5><size>6655</size></file>
<file><path>images/charts_library/brno.swf</path><md5>5d58a07e8d27790fd22f5800a45ec356</md5><size>7004</size></file>
<file><path>images/charts_library/brfl.swf</path><md5>2feae61be4199d3283ad923798a63400</md5><size>6848</size></file>
<file><path>images/charts_library/lnno.swf</path><md5>8f244edd7f015729cc3303d4950c8ee7</md5><size>7239</size></file>
<file><path>images/charts_library/scno.swf</path><md5>d9e074a2904b92b932952ae866dc6355</md5><size>7209</size></file>
<file><path>images/charts_library/cnno.swf</path><md5>8d875619df0c1f5c161eabaf64e9c755</md5><size>6801</size></file>
<file><path>images/charts_library/mxno.swf</path><md5>27a076db7efcc261739e3c6014326ff0</md5><size>8736</size></file>
<file><path>images/charts_library/arno.swf</path><md5>2a27155e2d96e8083bd1857c060d96d4</md5><size>6541</size></file>
<file><path>images/charts_library/arst.swf</path><md5>26af2b441951d4f204cab88375da6f15</md5><size>6799</size></file>
<file><path>images/charts_library/cls3.swf</path><md5>c99915aae06efba2cae695dc4e78df3b</md5><size>10165</size></file>
<file><path>images/charts_library/pino.swf</path><md5>402c679ef5991b8c0f4be1cb90b23b53</md5><size>6152</size></file>
<file><path>images/charts_library/cl3d.swf</path><md5>0db9e4b6104babe26ec2e295b866a87d</md5><size>10125</size></file>
<file><path>images/charts_library/clp3.swf</path><md5>be80aecc182834164e6cb0bf0fde3046</md5><size>10106</size></file>
<file><path>images/drawer-handle.gif</path><md5>b4f358f2bcf77efebcda6b8bca249be5</md5><size>380</size></file>
<file><path>images/blue-corner.gif</path><md5>16c797b87de325c3cb51b12ce097c86c</md5><size>309</size></file>
<file><path>images/Resize of Resize of erwanNetwork.jpg</path><md5>401677b2873e807d1a0daf698baf4a9d</md5><size>764</size></file>
<file><path>images/messagebox_warning-mid.png</path><md5>fec11e83a4c76ddd02cb220421e50a22</md5><size>3168</size></file>
<file><path>images/indicator_arrows.gif</path><md5>c8ad9845c9414424cb5854238af212b0</md5><size>729</size></file>
<file><path>images/refresh.png</path><md5>a2814c0ba957463c4cecd0f199920aa9</md5><size>3381</size></file>
<file><path>images/imageChange.gif</path><md5>19e41b0305132501ca0bedbbcaa7c638</md5><size>4227</size></file>
<file><path>images/tab.png</path><md5>cebeef17c7bf11a8773d29699f385317</md5><size>593</size></file>
<file><path>images/Resize of erwanNetwork.jpg</path><md5>afe8c5fa7e5b02081efc7aa6723a4009</md5><size>1317</size></file>
<file><path>images/mini-arrow-orange-open.gif</path><md5>cddadede8b4c06c5206c21b3f052eb92</md5><size>53</size></file>
<file><path>images/std_view.gif</path><md5>02edc0b05e0fd04b446b4dc361c42c9e</md5><size>571</size></file>
<file><path>images/minus.gif</path><md5>6d77c0c0c2f86b6995d1cdf78274eaab</md5><size>139</size></file>
<file><path>images/red-arrow.gif</path><md5>4a5ad98f49551d35a6d870346e6f06d3</md5><size>56</size></file>
<file><path>images/iTop-icon.ico</path><md5>8661c71497991be789a887270c7a9317</md5><size>1150</size></file>
<file><path>images/wizArrow.gif</path><md5>6e773da401322137719407be88bef9e9</md5><size>155</size></file>
<file><path>images/devices_big.gif</path><md5>ef7c7f3e634b24de0a8e5ed034dbe0bb</md5><size>4142</size></file>
<file><path>images/settings.gif</path><md5>d00adc0a9c17bd52eb890bd1b5b0e887</md5><size>256</size></file>
<file><path>images/banner-bkg.png</path><md5>c79c2edfefd870effa3287dd97f7ad96</md5><size>375</size></file>
<file><path>images/erwanMobilePhones.jpg</path><md5>a0af98730e721192a202491095b4e93c</md5><size>2569</size></file>
<file><path>images/Resize of Resize of erwanIncidents.jpg</path><md5>61c1072d8ad73aeeafca74cfe8a5cb86</md5><size>559</size></file>
<file><path>images/folder_documents.png</path><md5>aa32410288afdd551b3d9cf7e4cec4c7</md5><size>11783</size></file>
<file><path>images/top-left-bkg.png</path><md5>c6ea11f6efb8509ade7d03e01cb1d195</md5><size>641</size></file>
<file><path>images/calendar.png</path><md5>4b4aaf8477830396c314d633bc2f4392</md5><size>689</size></file>
<file><path>images/desc.gif</path><md5>0f58b33929095ea17795dd53bbced5d9</md5><size>54</size></file>
<file><path>images/contacts_big.gif</path><md5>06fb973829be03b1e5cb458016b54660</md5><size>4586</size></file>
<file><path>images/wizActiveStepRight.gif</path><md5>af1efe93a51a3ac358131e5aafd07ad4</md5><size>501</size></file>
<file><path>images/vsplitter-grey.gif</path><md5>8b00ddf9a5327be8f696219d52a9acdc</md5><size>59</size></file>
<file><path>images/vgrabber2_active.gif</path><md5>3fc590c74d46143d6fb185f20aed7dcc</md5><size>258</size></file>
<file><path>images/hgrabber2.gif</path><md5>cf94c8b90d225701d0efaaa0784f7636</md5><size>217</size></file>
<file><path>images/actions_left.png</path><md5>37dda5274309e805069e2544e8ae2229</md5><size>205</size></file>
<file><path>images/search-top-left-corner.png</path><md5>7b770b507b7ab44d88ee43fdb5f0f7f4</md5><size>287</size></file>
<file><path>images/device.gif</path><md5>9cfa43830df92094bd9c119f07ec022b</md5><size>1070</size></file>
<file><path>images/bomb.jpg</path><md5>ee4f0c3afdb370df218a23863e073a73</md5><size>4145</size></file>
<file><path>images/tv-collapsable.gif</path><md5>63a3351ea0d580797c9b8c386aa4f48b</md5><size>781</size></file>
<file><path>images/help.png</path><md5>c9cd9b8e13936c22fef9706fcdfecf89</md5><size>1615</size></file>
<file><path>images/logo-combodo.png</path><md5>30a4b4ef1e1abe57c39d62bc25d7b01d</md5><size>3684</size></file>
<file><path>images/network-server.png</path><md5>784f4f91f53694cc6476942d07533ebf</md5><size>9234</size></file>
<file><path>images/bomb.png</path><md5>82aa476b70578b08664dea0024863e02</md5><size>8543</size></file>
<file><path>images/stop.png</path><md5>d47b92536e28657efd4058639844b402</md5><size>9678</size></file>
<file><path>images/logoff.png</path><md5>53ca01bba6826a82af86b5874636ae39</md5><size>2067</size></file>
<file><path>images/home.gif</path><md5>6310524b0e5a429d02cf83a7146f6b43</md5><size>988</size></file>
<file><path>images/wizStepLeft.gif</path><md5>18068308270a5d1b996595682336c5bf</md5><size>217</size></file>
<file><path>images/messagebox_warning.png</path><md5>928e0283b780818074aeb8f2558f0ed0</md5><size>7104</size></file>
<file><path>images/Resize of erwanDocument.jpg</path><md5>041f35a33da47c528cf0149f5f25bd7a</md5><size>883</size></file>
<file><path>images/searchBtn.png</path><md5>2bbe819b69e88c0ec79bc4ace49f0d73</md5><size>1266</size></file>
<file><path>images/Resize of erwanIncidents.jpg</path><md5>e142a404237e6d92ca2e5c456e0095a4</md5><size>859</size></file>
<file><path>images/lifecycle/ResponseTicket.png</path><md5>400d18428c0ee99924f36f13fdbf895e</md5><size>40952</size></file>
<file><path>images/lifecycle/RoutineChange.png</path><md5>7d642e4658b0127f237eb4783910e500</md5><size>31057</size></file>
<file><path>images/lifecycle/EmergencyChange.png</path><md5>f43c2a5d5b304a2e1db32f931154ea96</md5><size>35346</size></file>
<file><path>images/lifecycle/Incident.png</path><md5>edd4a475fa9fbdcd69273906b22e064a</md5><size>40952</size></file>
<file><path>images/lifecycle/UserRequest.png</path><md5>fc6efca068fe4ddcd963967005b42798</md5><size>41301</size></file>
<file><path>images/lifecycle/NormalChange.png</path><md5>fe632a5ab6b4d49ed06181a9b20402f4</md5><size>41916</size></file>
<file><path>images/WanLinks.jpg</path><md5>26eb259c9138973aed8c75f747535b5f</md5><size>3908</size></file>
<file><path>images/tv-expandable-last.gif</path><md5>9d51036b3a8102742709da66789fd0f7</md5><size>89</size></file>
<file><path>images/erwanBuilding.jpg</path><md5>ecfd5e314eec51a1481a389033d52297</md5><size>848</size></file>
<file><path>images/starthere.png</path><md5>aff91623b7e2dc50ea7e287661ce8b4b</md5><size>14272</size></file>
<file><path>images/grey-header.gif</path><md5>539259006d570172c9bc536d5d4fdc88</md5><size>122</size></file>
<file><path>images/wan.gif</path><md5>e67e6abacdec985ed833cf846c99dc5f</md5><size>262</size></file>
<file><path>images/mini-arrow-green.gif</path><md5>2106e04bfbc063e49e8ee6f83aec39a9</md5><size>54</size></file>
<file><path>images/green-header.gif</path><md5>0e22a09bb8051b2a274b3427ede62e82</md5><size>120</size></file>
<file><path>images/mini-arrow-orange.gif</path><md5>ff546ba1c7c78b045b91f5737baf4851</md5><size>54</size></file>
<file><path>images/asc.gif</path><md5>1838fb0c8c6980b02f64b2cb00d6aaeb</md5><size>54</size></file>
<file><path>images/Resize of erwanPC.jpg</path><md5>4059aa5e70fd8c4b51b398266c0e0d04</md5><size>823</size></file>
<file><path>images/tab-topleft.gif</path><md5>b12240cdfda525225fc83491c900f98f</md5><size>46</size></file>
<file><path>portal/index.php</path><md5>d6c471f3cd5c0d7403001e0e7129115d</md5><size>30258</size></file>
<file><path>portal/portal.css</path><md5>2474e8797084b08e93ee8f5190ec4cce</md5><size>2028</size></file>
<file><path>js/jquery.dimensions.js</path><md5>4689b57061edde2b88cab650aa60c1a5</md5><size>11002</size></file>
<file><path>js/jquery.positionBy.js</path><md5>9aceb9f859ea09143f67273987377c01</md5><size>9007</size></file>
<file><path>js/ui.accordion.js</path><md5>615a43da10bd47480e7d67ea59ba7117</md5><size>7132</size></file>
<file><path>js/themes/flora/flora.accordion.css</path><md5>519df3f74405593915e6d6d9aaa830df</md5><size>1279</size></file>
<file><path>js/themes/flora/flora.css</path><md5>11fa600cca68852c694f2736d9a9d3b8</md5><size>85</size></file>
<file><path>js/themes/flora/flora.tablesorter.css</path><md5>66dd66b6ba72fceda9c42a5e70da7120</md5><size>980</size></file>
<file><path>js/themes/flora/i/dialog-title.gif</path><md5>e4c77a8488adf7568d03981353498f6a</md5><size>238</size></file>
<file><path>js/themes/flora/i/bg.gif</path><md5>c01ad2e7c59d1a20a433cb873c21bd88</md5><size>64</size></file>
<file><path>js/themes/flora/i/accordion-right-act.png</path><md5>de99d227cc235c8e7311877b38908839</md5><size>245</size></file>
<file><path>js/themes/flora/i/slider-bg-1.png</path><md5>36c2008c5b1d2bba336ea9ca2064fffa</md5><size>204</size></file>
<file><path>js/themes/flora/i/resizable-sw.gif</path><md5>d0b04099a872511cb8aa4b224d1a1381</md5><size>175</size></file>
<file><path>js/themes/flora/i/dialog-nw.gif</path><md5>b8c91e39ecdde742474433c65a54d784</md5><size>353</size></file>
<file><path>js/themes/flora/i/resizable-n.gif</path><md5>d65d6ba94f816da6716166db6b7b3fc3</md5><size>341</size></file>
<file><path>js/themes/flora/i/dialog-se.gif</path><md5>b047f1b4a491f2ec114cd7a3da354dda</md5><size>175</size></file>
<file><path>js/themes/flora/i/resizable-e.gif</path><md5>44498fa27d50e29561c7b2b2b77e437a</md5><size>338</size></file>
<file><path>js/themes/flora/i/menu-submenu.gif</path><md5>36cd82dd4a949fcbd7437fc7dd7bf56f</md5><size>93</size></file>
<file><path>js/themes/flora/i/accordion-left-over.png</path><md5>76b446eeddd20c6eb34ceaa3407eb7c5</md5><size>174</size></file>
<file><path>js/themes/flora/i/dialog-e.gif</path><md5>bfb68469982e7fb33b812b338b9cd37f</md5><size>440</size></file>
<file><path>js/themes/flora/i/dialog-s.gif</path><md5>3b05e650a5d74c116fd8cf5039b325ed</md5><size>434</size></file>
<file><path>js/themes/flora/i/slider-bg-2.png</path><md5>179d62e85e7c8723e8442a6b2d6298b5</md5><size>326</size></file>
<file><path>js/themes/flora/i/tabs.gif</path><md5>44c7a54a884a121b3437af56e8b7fc30</md5><size>377</size></file>
<file><path>js/themes/flora/i/resizable-nw.gif</path><md5>cad408462325569131c57e78ef857275</md5><size>91</size></file>
<file><path>js/themes/flora/i/resizable-w.gif</path><md5>d97f5e79223561ac8d28916a6dbaadbc</md5><size>339</size></file>
<file><path>js/themes/flora/i/accordion-middle.png</path><md5>dfe78bd32e6f52b45c690ba2fd5ff8e5</md5><size>122</size></file>
<file><path>js/themes/flora/i/dialog-titlebar-close.png</path><md5>6d514907cf5804d03aa45b599990a4f3</md5><size>2880</size></file>
<file><path>js/themes/flora/i/slider-handle.gif</path><md5>397fb99cc43f2b240eac07a429614837</md5><size>176</size></file>
<file><path>js/themes/flora/i/shadow.png</path><md5>744060b317504e045d04470725333b22</md5><size>3977</size></file>
<file><path>js/themes/flora/i/accordion-right-over.png</path><md5>0634322aeb4f05ad456659a75543ab6f</md5><size>177</size></file>
<file><path>js/themes/flora/i/accordion-left.png</path><md5>6dfeafa7eea98b1c1b87b8c4f771445a</md5><size>174</size></file>
<file><path>js/themes/flora/i/resizable-se.gif</path><md5>5fd05a97b75d08050d0b56131525c38e</md5><size>120</size></file>
<file><path>js/themes/flora/i/dialog-ne.gif</path><md5>294fa779565d7ebc4743996ce00ca65e</md5><size>353</size></file>
<file><path>js/themes/flora/i/dialog-titlebar-close-hover.png</path><md5>d61afc879e2af344ee0fd69f606bb117</md5><size>2927</size></file>
<file><path>js/themes/flora/i/resizable-s.gif</path><md5>5329458c1b52b0a23254272038a73432</md5><size>341</size></file>
<file><path>js/themes/flora/i/desc.gif</path><md5>a54846803de3cc786eec3d69f9ac2d38</md5><size>54</size></file>
<file><path>js/themes/flora/i/accordion-left-act.png</path><md5>dc53c3e08a3acbc042abbf955d7279e1</md5><size>249</size></file>
<file><path>js/themes/flora/i/Thumbs.db</path><md5>28d8e31a2dc0a72315a9b5f84fd9c382</md5><size>39424</size></file>
<file><path>js/themes/flora/i/dialog-n.gif</path><md5>3c7a9245fbbb6ddfefcf9a06445226b4</md5><size>569</size></file>
<file><path>js/themes/flora/i/accordion-right.png</path><md5>e6f0af4955c230104e59d4f5fa4749d2</md5><size>177</size></file>
<file><path>js/themes/flora/i/accordion-middle-over.png</path><md5>d81c9eec64011d07137565abbdc1a13c</md5><size>122</size></file>
<file><path>js/themes/flora/i/dialog-w.gif</path><md5>a1ee9293e218001055e6726870d0eee1</md5><size>437</size></file>
<file><path>js/themes/flora/i/resizable-ne.gif</path><md5>b0ea6b1989efe4df4cb2b9442b64305f</md5><size>124</size></file>
<file><path>js/themes/flora/i/dialog-sw.gif</path><md5>501b4806cead327c714f7dbf003c84fb</md5><size>175</size></file>
<file><path>js/themes/flora/i/accordion-middle-act.png</path><md5>0b814a9e693b5bbbc15275b1d8b4ea9e</md5><size>148</size></file>
<file><path>js/themes/flora/i/asc.gif</path><md5>f8a1940c9cf44ab8870319169f3a14ff</md5><size>54</size></file>
<file><path>js/themes/flora/flora.slider.css</path><md5>e62899c372e03346b732b5ff1f5a3656</md5><size>635</size></file>
<file><path>js/themes/flora/flora.menu.css</path><md5>af135f134b3c0f47b90d2c2eb1068dc6</md5><size>475</size></file>
<file><path>js/themes/flora/flora.calendar.css</path><md5>d1de1bf0d2c338bfd42b323da636ae85</md5><size>3401</size></file>
<file><path>js/themes/flora/flora.shadow.css</path><md5>39a0245d9cd0315ffa3c474ec5bb9b9d</md5><size>617</size></file>
<file><path>js/themes/flora/flora.tabs.css</path><md5>1d4cae101a7d1055eaffe86cecfba8c2</md5><size>1616</size></file>
<file><path>js/themes/flora/flora.dialog.css</path><md5>a4aba9861c535bee1eb10e519eba1a37</md5><size>2995</size></file>
<file><path>js/themes/flora/flora.all.css</path><md5>3fe5c28737ab82e9368f76106eca349c</md5><size>265</size></file>
<file><path>js/themes/flora/flora.resizable.css</path><md5>50e36048e59e81a865803c00ce78114d</md5><size>1686</size></file>
<file><path>js/themes/light/light.css</path><md5>c47d2d9db7ae0fe7b17a5b51d847bbbf</md5><size>698</size></file>
<file><path>js/themes/light/light.menu.css</path><md5>cea19668e387773c234ecca313f5dafe</md5><size>472</size></file>
<file><path>js/themes/light/light.modal.css</path><md5>0aa872125420546f89e5b120284c0376</md5><size>1873</size></file>
<file><path>js/themes/light/light.form.css</path><md5>7562fef873012e147c3366a980a5e642</md5><size>914</size></file>
<file><path>js/themes/light/light.tree.css</path><md5>2aadc5eac1bc53ab2d7b3198cc17e9f5</md5><size>1157</size></file>
<file><path>js/themes/light/light.tabs.css</path><md5>cb535efef7aa29dbbc8cfa914e90f3ac</md5><size>1555</size></file>
<file><path>js/themes/dark/dark.tree.css</path><md5>e2832c22ba9efcdfa9aebee4180a9e97</md5><size>1164</size></file>
<file><path>js/themes/dark/dark.modal.css</path><md5>a1d718651277e7ebbe4820deaef650e3</md5><size>1878</size></file>
<file><path>js/themes/dark/dark.css</path><md5>e035e16260e6be3c92cab4009203d0d3</md5><size>683</size></file>
<file><path>js/themes/dark/dark.tabs.css</path><md5>e0414d582b25e42e43985f6acc44c978</md5><size>1592</size></file>
<file><path>js/themes/dark/dark.form.png</path><md5>e9ee8c444b672447bb0040514a16ecc9</md5><size>12308</size></file>
<file><path>js/themes/dark/dark.form.css</path><md5>b17d976124e849cc3451848feb086330</md5><size>4250</size></file>
<file><path>js/themes/dark/dark.menu.css</path><md5>43bc11d1dd80aaf50cdc44dbfa7ce2b2</md5><size>506</size></file>
<file><path>js/ui.mouse.js</path><md5>90bd80ce4422132318e28588049fff4e</md5><size>9406</size></file>
<file><path>js/jquery.date.picker.js</path><md5>65dfa3563111c9a3783fe51a97d1896a</md5><size>37645</size></file>
<file><path>js/ui.tablesorter.js</path><md5>82ef668d8a27a5d2a83b7dbad806d0b0</md5><size>22622</size></file>
<file><path>js/jquery.treeview.min.js</path><md5>29b3955d377f357c76dbd87540a21b44</md5><size>5433</size></file>
<file><path>js/ui.selectable.js</path><md5>4df1e580930a2dd8090b94941d23d8b5</md5><size>3914</size></file>
<file><path>js/jquery.bgiframe.js</path><md5>2ba08437c82c508fdb417d5ea3e7648c</md5><size>2265</size></file>
<file><path>js/ui.resizable.js</path><md5>b70364928e6d0c2e10a5dee5ec49f103</md5><size>10082</size></file>
<file><path>js/jquery.tablehover.js</path><md5>9d845d9d691d4d7d19b5ecc318df2f4b</md5><size>13532</size></file>
<file><path>js/jquery-1.4.2.js</path><md5>c0ac4e323dfd52aaf1f80c9880b35e7b</md5><size>163855</size></file>
<file><path>js/wizard.utils.js</path><md5>ed8d7ab89bd7f0d14fbbd92dbff156dc</md5><size>4212</size></file>
<file><path>js/json/json2.js</path><md5>9f73ed7aa7f2b714651cce8642411503</md5><size>16927</size></file>
<file><path>js/ui.droppable.js</path><md5>9780c83b8a4b0b1ec9a03866f228f777</md5><size>6876</size></file>
<file><path>js/jquery.treeview.pack.js</path><md5>d1acfe09a5cb97d93ab167952c550a7d</md5><size>3390</size></file>
<file><path>js/jquery.treeview.js</path><md5>3f81db67b7a973c8835ef5213e3b93c6</md5><size>7839</size></file>
<file><path>js/utils.js</path><md5>1b1756883aa5a5c1ac32f09e6a6cad26</md5><size>6071</size></file>
<file><path>js/hovertip.js</path><md5>ab8d2f95b49fb99372a1df5987a6d567</md5><size>14100</size></file>
<file><path>js/jquery.tablesorter.min.js</path><md5>8f686d799c18844d296853333694634a</md5><size>12795</size></file>
<file><path>js/ui.draggable.ext.js</path><md5>959fc29e81059b1d423b4bdcde0daedc</md5><size>9574</size></file>
<file><path>js/splitter.js</path><md5>3e642683596bd890b33ed607c50a0fbe</md5><size>7873</size></file>
<file><path>js/ui.draggable.js</path><md5>a0e77c38ceaa5c379c61633e99f4dfce</md5><size>5632</size></file>
<file><path>js/forms-json-utils.js</path><md5>97ae9daced0d91fa55ca35b68e73d140</md5><size>8344</size></file>
<file><path>js/json.js</path><md5>e0aff13738a3963d774ef07e95995ef3</md5><size>18223</size></file>
<file><path>js/linkswidget.js</path><md5>248317d8f573709075e8b6345f6a7fc1</md5><size>5738</size></file>
<file><path>js/jquery.ba-bbq.min.js</path><md5>07c72646c76932834219ef6827451df3</md5><size>4119</size></file>
<file><path>js/jquery.tabs.pack.js</path><md5>8d24d5e3013bb7f5fde000ec2d468e50</md5><size>5358</size></file>
<file><path>js/ui.shadow.js</path><md5>72f4411f47a9b1204c5a421da9b77067</md5><size>3560</size></file>
<file><path>js/ui.magnifier.js</path><md5>e728dbb122d1196ba02160fbbdd72527</md5><size>6028</size></file>
<file><path>js/wizardhelper.js</path><md5>86c36777082c785aa8a1ce410c67ccbf</md5><size>3876</size></file>
<file><path>js/dimensions.js</path><md5>25e59221163d89e5ae4f23a22c8c9a01</md5><size>10040</size></file>
<file><path>js/jquery.latest.js</path><md5>343607636acfee88faa2b638330a3370</md5><size>100196</size></file>
<file><path>js/jquery-1.4.2.min.js</path><md5>10092eee563dec2dca82b77d2cf5a1ae</md5><size>72174</size></file>
<file><path>js/swfobject.js</path><md5>eaa5417940c71f441b016b12c534665d</md5><size>9759</size></file>
<file><path>js/jquery.autocomplete.js</path><md5>11e6e59dc34688d98c5c9124065c244b</md5><size>21271</size></file>
<file><path>js/ui.sortable.js</path><md5>0a39dfb1f1ab2b5282445f3efb4589f5</md5><size>7895</size></file>
<file><path>js/ui.dialog.js</path><md5>bebf2da0aef6a6b7ea1a692d5e3197ef</md5><size>4697</size></file>
<file><path>js/jquery.blockUI.js</path><md5>05c83f664de6a45ac1d0089354313a57</md5><size>16055</size></file>
<file><path>js/jquery.layout.min.js</path><md5>3671a28db5219d8e6b0aa0c7bc19eeb1</md5><size>34570</size></file>
<file><path>js/jquery.layout.js</path><md5>644c05cb86dab4e3d4b1d7c01608f918</md5><size>82920</size></file>
<file><path>js/ui.droppable.ext.js</path><md5>8e2f7a56e448bcedd8e18ecab16363e5</md5><size>832</size></file>
<file><path>js/ui.slider.js</path><md5>f6ac4693ad8bac684c134fd78ee008ff</md5><size>9248</size></file>
<file><path>js/jquery.history_remote.pack.js</path><md5>7515b626f36b312442099cb2c3acc604</md5><size>2283</size></file>
<file><path>js/date.js</path><md5>1e265c6bac02674a8489df5c558a6613</md5><size>11521</size></file>
<file><path>js/jquery.history.js</path><md5>c2021bc7ba0a5fcb573eef9e0c3b9d8a</md5><size>5113</size></file>
<file><path>js/jquery.tabs-ie.css</path><md5>ab7e8be334de1a5eec6b16fc9f72fa3f</md5><size>329</size></file>
<file><path>js/ui.calendar.js</path><md5>e2ada7a0c0c9a3f632837d98fec1ecc3</md5><size>35294</size></file>
<file><path>js/jquery.pack.js</path><md5>90369daf863a3184e5bb4150f2e567f7</md5><size>20461</size></file>
<file><path>js/jquery-ui-1.8.2.custom.min.js</path><md5>b8ba22c2d061ccb1230276b05f83f07e</md5><size>206991</size></file>
<file><path>js/jquery.popupmenu.js</path><md5>6f24c6af05872c6d2ff8a4f03a8f3ea4</md5><size>1961</size></file>
<file><path>js/jqModal.js</path><md5>20d9f3d9946fbc712eb2c29db6a9aa33</md5><size>3272</size></file>
<file><path>js/ui.tabs.js</path><md5>06995a35c9bfd613306eb6a2ace92597</md5><size>18571</size></file>
<file><path>index.php</path><md5>0fa66c221859f1c754299273f32271f4</md5><size>992</size></file>
<file><path>application/wizardhelper.class.inc.php</path><md5>f77dd356c8bba4b5f1cca21641078157</md5><size>8750</size></file>
<file><path>application/template.class.inc.php</path><md5>ca103dfe303e5decce59d2b2550366b3</md5><size>9366</size></file>
<file><path>application/itopwizardwebpage.class.inc.php</path><md5>ee557e2ce4d433325a9f9ec486017bff</md5><size>2220</size></file>
<file><path>application/itopwebpage.class.inc.php</path><md5>e7d961eb907052099f1032e0915bf453</md5><size>33447</size></file>
<file><path>application/displayblock.class.inc.php</path><md5>41a976a1db7188db39f6ee65c372122a</md5><size>43832</size></file>
<file><path>application/transaction.class.inc.php</path><md5>d2eca445d2df7fc10702b8de191a99d2</md5><size>3152</size></file>
<file><path>application/iotask.class.inc.php</path><md5>eb63ca254c9aff85f41c878908311095</md5><size>4677</size></file>
<file><path>application/ajaxwebpage.class.inc.php</path><md5>1043696550c09fd45ed7b196e834d688</md5><size>3076</size></file>
<file><path>application/ui.linkswidget.class.inc.php</path><md5>45d3073cec9f80a2996164931be4dc61</md5><size>19378</size></file>
<file><path>application/ui.passwordwidget.class.inc.php</path><md5>5125c0474e1a914a5d5de88108568e35</md5><size>3624</size></file>
<file><path>application/startup.inc.php</path><md5>5046d077f24158f2be5fca184ec6161b</md5><size>1207</size></file>
<file><path>application/applicationcontext.class.inc.php</path><md5>d4b7a918007bfbc53d57f479e3aadad2</md5><size>4997</size></file>
<file><path>application/nicewebpage.class.inc.php</path><md5>63d148e5040991ee8d23afea8a54676e</md5><size>4256</size></file>
<file><path>application/cmdbabstract.class.inc.php</path><md5>d851acefc9b9a9e5ef3bebbcd51e88e0</md5><size>61707</size></file>
<file><path>application/clipage.class.inc.php</path><md5>b45f498d423375f4ecab0b10dc2e6628</md5><size>2030</size></file>
<file><path>application/csvpage.class.inc.php</path><md5>9e010daca325930124c0d40df0acf782</md5><size>2612</size></file>
<file><path>application/menunode.class.inc.php</path><md5>3ed15fa695c37a39ff017de95fc5887a</md5><size>26175</size></file>
<file><path>application/xmlpage.class.inc.php</path><md5>a0ca2f04c96c09869e5e47c0f463330c</md5><size>2994</size></file>
<file><path>application/portalwebpage.class.inc.php</path><md5>398e44930e4fa5a7aa7df365301d472e</md5><size>5846</size></file>
<file><path>application/webpage.class.inc.php</path><md5>214ab9897016a1d43ccd053ac7acd5aa</md5><size>10449</size></file>
<file><path>application/utils.inc.php</path><md5>2bdacd78d93941980001890e8edf07b7</md5><size>10273</size></file>
<file><path>application/audit.category.class.inc.php</path><md5>5d2458414b8d372fec7210a148930305</md5><size>3090</size></file>
<file><path>application/uiwizard.class.inc.php</path><md5>db839e6c42d7828b4ade0ec14219ec60</md5><size>13403</size></file>
<file><path>application/uilinkswizard.class.inc.php</path><md5>e5c7b99bd8e572c3d632ef258e9f3497</md5><size>16906</size></file>
<file><path>application/audit.rule.class.inc.php</path><md5>0c799470e6b3aee4c89b6e60eb3422cf</md5><size>3672</size></file>
<file><path>application/application.inc.php</path><md5>205d3ee7cd6dacca08ee14cd02e5e13f</md5><size>1545</size></file>
<file><path>application/user.preferences.class.inc.php</path><md5>1a1520dab62fc4708703aecbe8df97e5</md5><size>5332</size></file>
<file><path>application/templates/welcome_menu.html</path><md5>e03aaea296db13e86d9e4ba586c19084</md5><size>5871</size></file>
<file><path>application/templates/notifications_menu.html</path><md5>26f13df5db845fccbaaeeb1acbca6480</md5><size>975</size></file>
<file><path>application/templates/audit_category.html</path><md5>f2a293661658eb883ddd96b207dcdac4</md5><size>792</size></file>
<file><path>application/templates/welcome_popup.html</path><md5>f4a2a0bf74bb3e818888ab010185eaa4</md5><size>981</size></file>
<file><path>application/loginwebpage.class.inc.php</path><md5>816678e89ce839393033c8c8723b7ee2</md5><size>13632</size></file>
<file><path>modules/authent-ldap/fr.dict.authent-ldap.php</path><md5>5f38783f2e3ef0b72b274a28620b4350</md5><size>1727</size></file>
<file><path>modules/authent-ldap/en.dict.authent-ldap.php</path><md5>39e0844ee14ea64e4248e7211d5e4d1f</md5><size>1732</size></file>
<file><path>modules/authent-ldap/de.dict.authent-ldap.php</path><md5>6a984c916fe1851a8129f1d4cf36e66e</md5><size>1743</size></file>
<file><path>modules/authent-ldap/module.authent-ldap.php</path><md5>5dfdfbbc8ba061f091b2a75dd95e6ce7</md5><size>1971</size></file>
<file><path>modules/authent-ldap/model.authent-ldap.php</path><md5>edfb50ca7ad413001bbdb4aa17aa90d2</md5><size>6948</size></file>
<file><path>modules/itop-config-mgmt-1.0.0/data.sample.Location.xml</path><md5>a4254e31dfd671040e9da435951bee79</md5><size>554</size></file>
<file><path>modules/itop-config-mgmt-1.0.0/module.itop-config-mgmt.php</path><md5>1990c690023fb0829b972ef0933eda04</md5><size>1558</size></file>
<file><path>modules/itop-config-mgmt-1.0.0/cis_menu.html</path><md5>4f8292aec345b2162a0e90a3ae72b917</md5><size>5603</size></file>
<file><path>modules/itop-config-mgmt-1.0.0/data.sample.lnkTeamToContact.xml</path><md5>db58e8deac0ab36c641d52af0c4e710c</md5><size>343</size></file>
<file><path>modules/itop-config-mgmt-1.0.0/images/printer.png</path><md5>30ef3fcf90ee301d7bc1e6ffc006f122</md5><size>4036</size></file>
<file><path>modules/itop-config-mgmt-1.0.0/images/database.png</path><md5>d0f4aea5b96c97a8f063fb2c19a1165b</md5><size>3970</size></file>
<file><path>modules/itop-config-mgmt-1.0.0/images/laptop.png</path><md5>f07a70920261db2e00d2ecbf24e9fc8a</md5><size>3255</size></file>
<file><path>modules/itop-config-mgmt-1.0.0/images/computer.png</path><md5>7bc43781f4e8a068ebef8b3e18b43829</md5><size>4602</size></file>
<file><path>modules/itop-config-mgmt-1.0.0/images/person.png</path><md5>2d45c6404b2eef307817ddffe45d772b</md5><size>2969</size></file>
<file><path>modules/itop-config-mgmt-1.0.0/images/location.png</path><md5>7fbae41f1006083b8de8934c801cd9c5</md5><size>4152</size></file>
<file><path>modules/itop-config-mgmt-1.0.0/images/team.png</path><md5>1442b8b3d18365d9e17cd707246b0d80</md5><size>4896</size></file>
<file><path>modules/itop-config-mgmt-1.0.0/images/licence.png</path><md5>2dd34c317ff982966f886586a016be62</md5><size>1648</size></file>
<file><path>modules/itop-config-mgmt-1.0.0/images/database-instance.png</path><md5>27a37cfffa490b2235012b9b58470afc</md5><size>2876</size></file>
<file><path>modules/itop-config-mgmt-1.0.0/images/subnet.png</path><md5>b55f27a449e0714a120cd7109c14e649</md5><size>4594</size></file>
<file><path>modules/itop-config-mgmt-1.0.0/images/server.png</path><md5>d5430448a71f93e6fa177ecfcc58956e</md5><size>2618</size></file>
<file><path>modules/itop-config-mgmt-1.0.0/images/business-process.png</path><md5>1414057111c1a7c8218764bda8c67a59</md5><size>3126</size></file>
<file><path>modules/itop-config-mgmt-1.0.0/images/group.png</path><md5>83c3defde14a7e1643255a81b0e18d43</md5><size>3668</size></file>
<file><path>modules/itop-config-mgmt-1.0.0/images/switch.png</path><md5>79b8290a89b7ab1e5b1f806e792abe48</md5><size>2681</size></file>
<file><path>modules/itop-config-mgmt-1.0.0/images/interface.png</path><md5>6d532691f94371f903ad8f432de89b81</md5><size>3972</size></file>
<file><path>modules/itop-config-mgmt-1.0.0/images/contact.png</path><md5>a7822cf9941f9dccb3a367cc9881f14f</md5><size>2742</size></file>
<file><path>modules/itop-config-mgmt-1.0.0/images/patch.png</path><md5>e9e31339e24299b8c7112e8fd0fded14</md5><size>3410</size></file>
<file><path>modules/itop-config-mgmt-1.0.0/images/software.png</path><md5>2e1455d7d1e1bd6b0d87b5992dd76301</md5><size>4630</size></file>
<file><path>modules/itop-config-mgmt-1.0.0/images/mobile-phone.png</path><md5>1b697afc08d128c5d832269530ddaf70</md5><size>3110</size></file>
<file><path>modules/itop-config-mgmt-1.0.0/images/document.png</path><md5>5852a40670cc6d2eaf9c490365aa91b1</md5><size>5158</size></file>
<file><path>modules/itop-config-mgmt-1.0.0/images/application.png</path><md5>9c93adb1ad2a27498f37a9f1607fdc4d</md5><size>3583</size></file>
<file><path>modules/itop-config-mgmt-1.0.0/images/solution.png</path><md5>dd8318232e7e43c513fdd0b2728c7e48</md5><size>2892</size></file>
<file><path>modules/itop-config-mgmt-1.0.0/data.sample.FunctionalCI.xml</path><md5>44dbf99006309047949a6d6a1c9f7f16</md5><size>2686</size></file>
<file><path>modules/itop-config-mgmt-1.0.0/data.struct.Audit.xml</path><md5>8fc3f7179e1dc70f5391b8578edd29ff</md5><size>1042</size></file>
<file><path>modules/itop-config-mgmt-1.0.0/contacts_menu.html</path><md5>512129804bd512b057968f59c1dca32f</md5><size>2709</size></file>
<file><path>modules/itop-config-mgmt-1.0.0/data.sample.Organization.xml</path><md5>61b58ff549a3b9a151614b06e94aab5b</md5><size>191</size></file>
<file><path>modules/itop-config-mgmt-1.0.0/overview.html</path><md5>0db653f41b42206fcdde1486056dfc8e</md5><size>976</size></file>
<file><path>modules/itop-config-mgmt-1.0.0/model.itop-config-mgmt.php</path><md5>9637e4bfd6e33d4d90d6d905e629a530</md5><size>104234</size></file>
<file><path>modules/itop-config-mgmt-1.0.0/data.sample.lnkProcessToSolution.xml</path><md5>b21ed6451e5145a6ffb13fd7194e503a</md5><size>226</size></file>
<file><path>modules/itop-config-mgmt-1.0.0/fr.dict.itop-config-mgmt.php</path><md5>5b4fb99de66f0d8e2c4bef349c0f3a18</md5><size>43001</size></file>
<file><path>modules/itop-config-mgmt-1.0.0/data.sample.DatabaseInstance.xml</path><md5>6f33559db3e8c73f6962582139f02c7a</md5><size>344</size></file>
<file><path>modules/itop-config-mgmt-1.0.0/data.sample.DBServerInstance.xml</path><md5>ede2bea59275df8c308a8d1e59b49df3</md5><size>367</size></file>
<file><path>modules/itop-config-mgmt-1.0.0/es_cr.dict.itop-config-mgmt.php</path><md5>f165e9f11b018fd8c90938fac2907fd3</md5><size>43408</size></file>
<file><path>modules/itop-config-mgmt-1.0.0/data.sample.NetworkInterface.xml</path><md5>11593da39c7dc86f5946a30b0225e749</md5><size>3330</size></file>
<file><path>modules/itop-config-mgmt-1.0.0/data.sample.Software.xml</path><md5>4d247c8ba68aed8ec377f1cc32d08643</md5><size>545</size></file>
<file><path>modules/itop-config-mgmt-1.0.0/data.sample.lnkCIToContact.xml</path><md5>7fc342088bde9281a6b1376440d1686d</md5><size>51</size></file>
<file><path>modules/itop-config-mgmt-1.0.0/pt_br.dict.itop-config-mgmt.php</path><md5>5788f946a78bb4d836b74979c50d0d83</md5><size>41321</size></file>
<file><path>modules/itop-config-mgmt-1.0.0/data.sample.Contact.xml</path><md5>ce948b6dad1c19e3b5afd44d956e10b7</md5><size>910</size></file>
<file><path>modules/itop-config-mgmt-1.0.0/de.dict.itop-config-mgmt.php</path><md5>c5570874eabb02531acb74518a77dea9</md5><size>43921</size></file>
<file><path>modules/itop-config-mgmt-1.0.0/data.sample.lnkSolutionToCI.xml</path><md5>a190912c3312c782b55f8da203d99a84</md5><size>458</size></file>
<file><path>modules/itop-config-mgmt-1.0.0/data.sample.ApplicationInstance.xml</path><md5>691b64652203e94637db47fafd908d5e</md5><size>683</size></file>
<file><path>modules/itop-config-mgmt-1.0.0/en.dict.itop-config-mgmt.php</path><md5>45e48f67e8bc1dd392d333434ba3b550</md5><size>43370</size></file>
<file><path>modules/authent-local/en.dict.authent-local.php</path><md5>c40ef600a20b09bdd59b34ef1289209c</md5><size>1737</size></file>
<file><path>modules/authent-local/fr.dict.authent-local.php</path><md5>ed030db01c215be9c309fb7802e65f3d</md5><size>1727</size></file>
<file><path>modules/authent-local/module.authent-local.php</path><md5>6c5d32132c008be5392cee5fbb179f9a</md5><size>934</size></file>
<file><path>modules/authent-local/model.authent-local.php</path><md5>17f5cb136f5aa510e5a0607b2356e636</md5><size>3862</size></file>
<file><path>modules/authent-local/de.dict.authent-local.php</path><md5>cde8619d8d4d45ae69fb2ecdd7ae65db</md5><size>1737</size></file>
<file><path>modules/itop-knownerror-mgmt-1.0.0/es_cr.dict.itop-knownerror-mgmt.php</path><md5>0b8896d7fca35d3b731fe558f6ba5342</md5><size>3345</size></file>
<file><path>modules/itop-knownerror-mgmt-1.0.0/images/known-error.png</path><md5>0a4c3c0208286759bae11a1babd62aac</md5><size>2738</size></file>
<file><path>modules/itop-knownerror-mgmt-1.0.0/de.dict.itop-knownerror-mgmt.php</path><md5>a4efe6cd79c77937c1a47ad065a05b38</md5><size>6638</size></file>
<file><path>modules/itop-knownerror-mgmt-1.0.0/module.itop-knownerror-mgmt.php</path><md5>77180eb797999f6e6772a9c9fe71ba43</md5><size>1212</size></file>
<file><path>modules/itop-knownerror-mgmt-1.0.0/fr.dict.itop-knownerror-mgmt.php</path><md5>7f97976b99e2b698ed5e6837037e58dc</md5><size>6648</size></file>
<file><path>modules/itop-knownerror-mgmt-1.0.0/model.itop-knownerror-mgmt.php</path><md5>097060bcb02585015ef746054da166b5</md5><size>11195</size></file>
<file><path>modules/itop-knownerror-mgmt-1.0.0/en.dict.itop-knownerror-mgmt.php</path><md5>229bf0f4a85f2a6c6551883706437e58</md5><size>6329</size></file>
<file><path>modules/itop-knownerror-mgmt-1.0.0/pt_br.dict.itop-knownerror-mgmt.php</path><md5>3f9a98d6b71079cfa30bb30e26733f5f</md5><size>6404</size></file>
<file><path>modules/itop-service-mgmt-1.0.0/service.png</path><md5>6c92580fa84f42df76a5dacebd484026</md5><size>2853</size></file>
<file><path>modules/itop-service-mgmt-1.0.0/es_cr.dict.itop-service-mgmt.php</path><md5>f60303997418025d8996d677b23a58aa</md5><size>19089</size></file>
<file><path>modules/itop-service-mgmt-1.0.0/en.dict.itop-service-mgmt.php</path><md5>9cec356aee0c8b73d5528f3b7af7bccb</md5><size>19875</size></file>
<file><path>modules/itop-service-mgmt-1.0.0/pt_br.dict.itop-service-mgmt.php</path><md5>ef2f347af572ac9b9aedf68046a761b7</md5><size>18684</size></file>
<file><path>modules/itop-service-mgmt-1.0.0/data.sample.SLA.xml</path><md5>37c53c6b6b9d3129153db74a5db597a5</md5><size>641</size></file>
<file><path>modules/itop-service-mgmt-1.0.0/sla.png</path><md5>b4864c95ffcf34f86f6679eaeea2d3a1</md5><size>4857</size></file>
<file><path>modules/itop-service-mgmt-1.0.0/data.sample.SLT.xml</path><md5>8fec5afbf4d1e64ec7cbac29844aa95a</md5><size>1062</size></file>
<file><path>modules/itop-service-mgmt-1.0.0/slt.png</path><md5>710661d49568ec83881b6e45f7c5d2aa</md5><size>14834</size></file>
<file><path>modules/itop-service-mgmt-1.0.0/overview.html</path><md5>e0cbc0e0ba53be091113c84cf94f36d6</md5><size>801</size></file>
<file><path>modules/itop-service-mgmt-1.0.0/data.sample.lnkSLTToSLA.xml</path><md5>d785bcaa064a2280fce78d84ce564e43</md5><size>1182</size></file>
<file><path>modules/itop-service-mgmt-1.0.0/data.sample.lnkContractToSLA.xml</path><md5>35ccf3dc3fb0d6becba4939b4c1454f2</md5><size>333</size></file>
<file><path>modules/itop-service-mgmt-1.0.0/module.itop-service-mgmt.php</path><md5>56e16cc0fc0afc8ab49c473c7916dd98</md5><size>1340</size></file>
<file><path>modules/itop-service-mgmt-1.0.0/model.itop-service-mgmt.php</path><md5>eef8e853646242e46e568491fc68f5c8</md5><size>42864</size></file>
<file><path>modules/itop-service-mgmt-1.0.0/contract.png</path><md5>2d621ff13d0f7887d449a6e9f7ca4900</md5><size>1166</size></file>
<file><path>modules/itop-service-mgmt-1.0.0/data.sample.ServiceSubcategory.xml</path><md5>c6f59dac6745b7deabaa67e12e230abf</md5><size>3958</size></file>
<file><path>modules/itop-service-mgmt-1.0.0/data.sample.Service.xml</path><md5>56bf5417e705705b8dcc570979a71d12</md5><size>940</size></file>
<file><path>modules/itop-service-mgmt-1.0.0/de.dict.itop-service-mgmt.php</path><md5>99efde5d4e2728cef8fb87ce968f42c2</md5><size>19773</size></file>
<file><path>modules/itop-service-mgmt-1.0.0/fr.dict.itop-service-mgmt.php</path><md5>699d69df3882403eccd04b0233c6a1af</md5><size>18464</size></file>
<file><path>modules/itop-service-mgmt-1.0.0/data.sample.Contract.xml</path><md5>d528f8ba240aa5bc3ad99436934db3e7</md5><size>859</size></file>
<file><path>modules/itop-incident-mgmt-1.0.0/de.dict.itop-incident-mgmt.php</path><md5>a937e2c6560e6a349b7ad3e5a4408129</md5><size>3023</size></file>
<file><path>modules/itop-incident-mgmt-1.0.0/module.itop-incident-mgmt.php</path><md5>42ed66870808dadef3589f0023f6df44</md5><size>1174</size></file>
<file><path>modules/itop-incident-mgmt-1.0.0/data.struct.ta-links.xml</path><md5>96b2710e36e9be5a3f8d97f3e8c9b0b2</md5><size>512</size></file>
<file><path>modules/itop-incident-mgmt-1.0.0/images/incident-escalated.png</path><md5>fbc1a91873e048162306b92637fd511e</md5><size>4182</size></file>
<file><path>modules/itop-incident-mgmt-1.0.0/images/incident-closed.png</path><md5>12377a4332ef6ce875616ef23dfe018f</md5><size>4770</size></file>
<file><path>modules/itop-incident-mgmt-1.0.0/images/incident-deadline.png</path><md5>905ee77c7c3f6855444e5f9c3febd75e</md5><size>2750</size></file>
<file><path>modules/itop-incident-mgmt-1.0.0/images/incident.png</path><md5>e37c75d1628586509c4ba67dccad6bb9</md5><size>4944</size></file>
<file><path>modules/itop-incident-mgmt-1.0.0/overview.html</path><md5>c984aeaab25f2c200f2401ffe278c82d</md5><size>1023</size></file>
<file><path>modules/itop-incident-mgmt-1.0.0/fr.dict.itop-incident-mgmt.php</path><md5>207367509956698d81464feabb0269f8</md5><size>3105</size></file>
<file><path>modules/itop-incident-mgmt-1.0.0/es_cr.dict.itop-incident-mgmt.php</path><md5>7237b93d24b732063ffabc209139a2df</md5><size>2744</size></file>
<file><path>modules/itop-incident-mgmt-1.0.0/pt_br.dict.itop-incident-mgmt.php</path><md5>0d7a3f557781fac29da6d620cc781ddb</md5><size>3095</size></file>
<file><path>modules/itop-incident-mgmt-1.0.0/model.itop-incident-mgmt.php</path><md5>1938c341d190a2936ba7e45a8fc54a01</md5><size>10617</size></file>
<file><path>modules/itop-incident-mgmt-1.0.0/data.struct.ta-triggers.xml</path><md5>24848842f27554f9196a0e57df43913f</md5><size>541</size></file>
<file><path>modules/itop-incident-mgmt-1.0.0/en.dict.itop-incident-mgmt.php</path><md5>9d3f9caae6d79d69aeb69bf7cb3ef1f8</md5><size>3000</size></file>
<file><path>modules/itop-problem-mgmt-1.0.0/es_cr.dict.itop-problem-mgmt.php</path><md5>f7f8b044de31f4ab4ddeac3a9a482198</md5><size>7959</size></file>
<file><path>modules/itop-problem-mgmt-1.0.0/images/problem.png</path><md5>4a92838099351de2110280a809ef462c</md5><size>3207</size></file>
<file><path>modules/itop-problem-mgmt-1.0.0/fr.dict.itop-problem-mgmt.php</path><md5>f92cce029e611fba6b5463559ba36c89</md5><size>8121</size></file>
<file><path>modules/itop-problem-mgmt-1.0.0/pt_br.dict.itop-problem-mgmt.php</path><md5>ff0b4d0c4055e948e90005338312e684</md5><size>6853</size></file>
<file><path>modules/itop-problem-mgmt-1.0.0/overview.html</path><md5>c0986182dcd37955db03773cb8af4223</md5><size>996</size></file>
<file><path>modules/itop-problem-mgmt-1.0.0/en.dict.itop-problem-mgmt.php</path><md5>88569c5bc5c9bd63a514ac6ce30d9adf</md5><size>7678</size></file>
<file><path>modules/itop-problem-mgmt-1.0.0/module.itop-problem-mgmt.php</path><md5>7fa92cbdd7cdd271b92b2d1d795d0579</md5><size>1180</size></file>
<file><path>modules/itop-problem-mgmt-1.0.0/de.dict.itop-problem-mgmt.php</path><md5>41dc0f276ef480b7ca15d1373eacefc5</md5><size>7874</size></file>
<file><path>modules/itop-problem-mgmt-1.0.0/model.itop-problem-mgmt.php</path><md5>70214fd70742acd435be3cebbb06eb77</md5><size>17273</size></file>
<file><path>modules/itop-tickets-1.0.0/en.dict.itop-tickets.php</path><md5>048fce7a725beaa40b2498f4180233c3</md5><size>13053</size></file>
<file><path>modules/itop-tickets-1.0.0/pt_br.dict.itop-tickets.php</path><md5>77797df91192a9a27f19064331f86512</md5><size>12109</size></file>
<file><path>modules/itop-tickets-1.0.0/model.itop-tickets.php</path><md5>44a8c68d4ad644d0c6fab02e9e0e2574</md5><size>33660</size></file>
<file><path>modules/itop-tickets-1.0.0/de.dict.itop-tickets.php</path><md5>dac54e67ff22d8374fc0303668765d62</md5><size>13360</size></file>
<file><path>modules/itop-tickets-1.0.0/es_cr.dict.itop-tickets.php</path><md5>7c6690add612c5333bb791c3097bbaf7</md5><size>12511</size></file>
<file><path>modules/itop-tickets-1.0.0/data.struct.ta-actions.xml</path><md5>e0f2f6e3ad5bb1515abaa95f21b4f3c7</md5><size>2639</size></file>
<file><path>modules/itop-tickets-1.0.0/fr.dict.itop-tickets.php</path><md5>861f9fc22e7b917c7f652fc18e599051</md5><size>12395</size></file>
<file><path>modules/itop-tickets-1.0.0/module.itop-tickets.php</path><md5>4caa18e5c82c73045c81df09b16a64c0</md5><size>878</size></file>
<file><path>modules/authent-external/module.authent-external.php</path><md5>0402e0c1c3e2071cba7306eacc7f6a8b</md5><size>2011</size></file>
<file><path>modules/authent-external/en.dict.authent-external.php</path><md5>2b2ed3a4c10b277168d17ecadeb6e110</md5><size>1631</size></file>
<file><path>modules/authent-external/de.dict.authent-external.php</path><md5>65b978560a9ab86f155207b939e08e70</md5><size>1629</size></file>
<file><path>modules/authent-external/fr.dict.authent-external.php</path><md5>7d4d2e4fc6a1760b63053f5f2850880d</md5><size>1658</size></file>
<file><path>modules/authent-external/model.authent-external.php</path><md5>52a1c273977a18c7b4cf15981aa3a48a</md5><size>3381</size></file>
<file><path>modules/itop-request-mgmt-1.0.0/data.struct.ta-links.xml</path><md5>23bece1033a2dee8630003cdd7a7066d</md5><size>516</size></file>
<file><path>modules/itop-request-mgmt-1.0.0/en.dict.itop-request-mgmt.php</path><md5>6c882aafc271d29760059857e46b7c66</md5><size>3866</size></file>
<file><path>modules/itop-request-mgmt-1.0.0/images/user-request.png</path><md5>371665e7d0de4b26f882b08243ad15b1</md5><size>2211</size></file>
<file><path>modules/itop-request-mgmt-1.0.0/images/user-request-closed.png</path><md5>a317359966000f75273ec1199b79dfb2</md5><size>2049</size></file>
<file><path>modules/itop-request-mgmt-1.0.0/images/user-request-deadline.png</path><md5>1633e92d8755e268c180572e42f156e4</md5><size>2878</size></file>
<file><path>modules/itop-request-mgmt-1.0.0/images/user-request-escalated.png</path><md5>0d98c951afdeba067c526835f2b97969</md5><size>4167</size></file>
<file><path>modules/itop-request-mgmt-1.0.0/overview.html</path><md5>1e974436158a4068a69683ff0e4a2ca5</md5><size>1014</size></file>
<file><path>modules/itop-request-mgmt-1.0.0/pt_br.dict.itop-request-mgmt.php</path><md5>5b6b41ccf5e68b713f94befba411facd</md5><size>3377</size></file>
<file><path>modules/itop-request-mgmt-1.0.0/module.itop-request-mgmt.php</path><md5>68c0933f43334d69f14514376f900476</md5><size>1153</size></file>
<file><path>modules/itop-request-mgmt-1.0.0/model.itop-request-mgmt.php</path><md5>7a092b71c1f3c23040c67e1e33c03912</md5><size>9394</size></file>
<file><path>modules/itop-request-mgmt-1.0.0/fr.dict.itop-request-mgmt.php</path><md5>9a4e47929ac6dc22242d1bcfe5ccb2b4</md5><size>3515</size></file>
<file><path>modules/itop-request-mgmt-1.0.0/data.struct.ta-triggers.xml</path><md5>b0a8d31439095c732cb5d9530eb5aa03</md5><size>565</size></file>
<file><path>modules/itop-request-mgmt-1.0.0/de.dict.itop-request-mgmt.php</path><md5>33b792114e7dbfa6819a3b631b11272e</md5><size>3985</size></file>
<file><path>modules/itop-request-mgmt-1.0.0/es_cr.dict.itop-request-mgmt.php</path><md5>1f3f811597c91b06c634c9725bb8213c</md5><size>3058</size></file>
<file><path>modules/itop-change-mgmt-1.0.0/images/change.png</path><md5>355c2e7490a0b473409f03a852527e37</md5><size>2472</size></file>
<file><path>modules/itop-change-mgmt-1.0.0/images/change-closed.png</path><md5>518d78d909439445495badf677e0de45</md5><size>2107</size></file>
<file><path>modules/itop-change-mgmt-1.0.0/images/change-approved.png</path><md5>f62fb4cfe8a9fbefd46f64605d246484</md5><size>3268</size></file>
<file><path>modules/itop-change-mgmt-1.0.0/images/change-rejected.png</path><md5>b3c473ff266f6286e42f5b0ad54192b2</md5><size>2815</size></file>
<file><path>modules/itop-change-mgmt-1.0.0/model.itop-change-mgmt.php</path><md5>929235471011919dd603fd90cd7647f9</md5><size>33895</size></file>
<file><path>modules/itop-change-mgmt-1.0.0/overview.html</path><md5>7f1d1f64e2426fa4c1bc725fd1327583</md5><size>980</size></file>
<file><path>modules/itop-change-mgmt-1.0.0/es_cr.dict.itop-change-mgmt.php</path><md5>3fd78a6088b7201941af2182679d39e1</md5><size>17040</size></file>
<file><path>modules/itop-change-mgmt-1.0.0/fr.dict.itop-change-mgmt.php</path><md5>ea7d4a8d12b9f2784bd6d10272b83270</md5><size>17765</size></file>
<file><path>modules/itop-change-mgmt-1.0.0/en.dict.itop-change-mgmt.php</path><md5>81ec7e9138c21f63fb70665478be5045</md5><size>17243</size></file>
<file><path>modules/itop-change-mgmt-1.0.0/pt_br.dict.itop-change-mgmt.php</path><md5>c61cc5747e301f8d4be757b8356f690e</md5><size>17894</size></file>
<file><path>modules/itop-change-mgmt-1.0.0/de.dict.itop-change-mgmt.php</path><md5>fc0acf9f64bfabfcd1a3206d41435f92</md5><size>17637</size></file>
<file><path>modules/itop-change-mgmt-1.0.0/module.itop-change-mgmt.php</path><md5>534496e97e18c4b19603c534cb14d4db</md5><size>1098</size></file>
<file><path>navigator/navigator.swf</path><md5>fa26ac51a3b916aed98e1518807579e7</md5><size>29767</size></file>
<file><path>addons/userrights/userrightsmatrix.class.inc.php</path><md5>3e9bf81044984568b029c9a971f0b8f8</md5><size>13476</size></file>
<file><path>addons/userrights/userrightsprofile.class.inc.php</path><md5>e48b63e099fc4dae14e61aa62dc3dd79</md5><size>40899</size></file>
<file><path>addons/userrights/userrightsprojection.class.inc.php</path><md5>1ad5cd2353298d366595d65bc9538114</md5><size>55827</size></file>
<file><path>addons/userrights/userrightsnull.class.inc.php</path><md5>3f255005153bb9af0b5059c024769505</md5><size>2149</size></file>
<file><path>pages/audit.php</path><md5>70798d031a1d9e72ab5e802bd2b0288e</md5><size>9214</size></file>
<file><path>pages/navigator.php</path><md5>58119eadec2299d64dcdafe5d24d8214</md5><size>3503</size></file>
<file><path>pages/ajax.render.php</path><md5>d7ac550e3a5acad7b188416280100de7</md5><size>12806</size></file>
<file><path>pages/php-ofc-library/ofc_candle.php</path><md5>208edeaf12c57837fafe5a8788fcc2e6</md5><size>658</size></file>
<file><path>pages/php-ofc-library/ofc_x_axis.php</path><md5>40973da7d8b69928962702fb8a16f8e0</md5><size>2543</size></file>
<file><path>pages/php-ofc-library/open-flash-chart.php</path><md5>66791fe9210163ae2eea2b1f181f84c4</md5><size>4012</size></file>
<file><path>pages/php-ofc-library/ofc_y_axis.php</path><md5>28bfed81e002cc5e83344d370b39d069</md5><size>288</size></file>
<file><path>pages/php-ofc-library/ofc_title.php</path><md5>c9eccb5f1d9894ca19a4038d87772ede</md5><size>795</size></file>
<file><path>pages/php-ofc-library/README.txt</path><md5>d80a38a74b4d195b14626e79689b889c</md5><size>827</size></file>
<file><path>pages/php-ofc-library/ofc_bar.php</path><md5>2dc1bf343aab1d95142b23af2f472986</md5><size>451</size></file>
<file><path>pages/php-ofc-library/ofc_radar_axis.php</path><md5>cc22f4e84c38e48d20324feec19b69e4</md5><size>639</size></file>
<file><path>pages/php-ofc-library/ofc_bar_stack.php</path><md5>bdfcf4556583189f12e30aae7f5f1e2b</md5><size>888</size></file>
<file><path>pages/php-ofc-library/json_format.php</path><md5>bf4c070fee8ef726cff05f8066b3434a</md5><size>2125</size></file>
<file><path>pages/php-ofc-library/ofc_line_dot.php</path><md5>a09b3a840d15d948192d510a7af1e6cf</md5><size>438</size></file>
<file><path>pages/php-ofc-library/ofc_scatter_line.php</path><md5>2112d6550d72e9bf2dc7e849d5dec3ed</md5><size>790</size></file>
<file><path>pages/php-ofc-library/ofc_x_axis_label.php</path><md5>491f9ca696a46fcb23bd36fda688b8b1</md5><size>670</size></file>
<file><path>pages/php-ofc-library/ofc_line_style.php</path><md5>c54cf7dff98bd3c2750c69fa8e4e8c61</md5><size>142</size></file>
<file><path>pages/php-ofc-library/ofc_bar_3d.php</path><md5>be4631472e4facd7b6a74410dddea54c</md5><size>271</size></file>
<file><path>pages/php-ofc-library/open-flash-chart-object.php</path><md5>397aa7e4d34884d31034b345dc8ceb74</md5><size>3492</size></file>
<file><path>pages/php-ofc-library/ofc_tags.php</path><md5>591dd124656d76b3f5ed65316321f496</md5><size>2253</size></file>
<file><path>pages/php-ofc-library/ofc_bar_filled.php</path><md5>b09113224f586e19d886824688aa841b</md5><size>761</size></file>
<file><path>pages/php-ofc-library/ofc_sugar.php</path><md5>fae5c9a1e04d7c488eec5c8705d39875</md5><size>824</size></file>
<file><path>pages/php-ofc-library/ofc_hbar.php</path><md5>980ba421f58da6d9c536d31d803ef2cd</md5><size>933</size></file>
<file><path>pages/php-ofc-library/ofc_bar_sketch.php</path><md5>b9ee8e890d73b9b7bfa1d8c9b79355c0</md5><size>728</size></file>
<file><path>pages/php-ofc-library/ofc_pie.php</path><md5>d99287a6a7febc543b1173f243896e50</md5><size>4242</size></file>
<file><path>pages/php-ofc-library/ofc_area_base.php</path><md5>ce5bda30e362e4d5100f614ef4fdff87</md5><size>533</size></file>
<file><path>pages/php-ofc-library/ofc_radar_axis_labels.php</path><md5>6dbc21e5007eda42543e78e21e173a76</md5><size>207</size></file>
<file><path>pages/php-ofc-library/ofc_y_axis_base.php</path><md5>7f9e0148707ca7e6234355ecd1bf8005</md5><size>2256</size></file>
<file><path>pages/php-ofc-library/ofc_upload_image.php</path><md5>50a406e9963c6668d913b573226d6c99</md5><size>1591</size></file>
<file><path>pages/php-ofc-library/ofc_tooltip.php</path><md5>98a7fd054333b2980b965db167bad489</md5><size>1034</size></file>
<file><path>pages/php-ofc-library/ofc_y_axis_label.php</path><md5>2e6d2fc7cc1dba190adbcb8c0d1da27f</md5><size>509</size></file>
<file><path>pages/php-ofc-library/ofc_line.php</path><md5>a99b28bd8ce74f0a13021bccf69f183a</md5><size>2915</size></file>
<file><path>pages/php-ofc-library/ofc_bar_glass.php</path><md5>2acaf70e991a3fdb40c105393e1727b3</md5><size>2184</size></file>
<file><path>pages/php-ofc-library/ofc_x_legend.php</path><md5>04b7c937ea064f480b95206160a6c235</md5><size>243</size></file>
<file><path>pages/php-ofc-library/ofc_arrow.php</path><md5>1f6f7a739685aca6ea38c2c4e9bd28e3</md5><size>644</size></file>
<file><path>pages/php-ofc-library/ofc_y_legend.php</path><md5>875cd96b100db78cbc684cade307d678</md5><size>243</size></file>
<file><path>pages/php-ofc-library/ofc_x_axis_labels.php</path><md5>ef46b65acc04008db40aad4d3126854e</md5><size>1058</size></file>
<file><path>pages/php-ofc-library/ofc_scatter.php</path><md5>4309c8905a22a2e365d4633dae4cc7f9</md5><size>772</size></file>
<file><path>pages/php-ofc-library/ofc_y_axis_labels.php</path><md5>eb909b02b5b3b3ec38c82a98757e70ef</md5><size>800</size></file>
<file><path>pages/php-ofc-library/ofc_radar_spoke_labels.php</path><md5>2f0ec9a0d5402d9f6e51dff6cb19b0dc</md5><size>209</size></file>
<file><path>pages/php-ofc-library/ofc_line_hollow.php</path><md5>405b0850df8cba14c4ef097c8e5d462f</md5><size>120</size></file>
<file><path>pages/php-ofc-library/JSON.php</path><md5>13c254265bb582c52f96d64971ab24df</md5><size>34820</size></file>
<file><path>pages/php-ofc-library/ofc_menu.php</path><md5>1299f4e1dec6387f2b93933c72ba7ccd</md5><size>1365</size></file>
<file><path>pages/php-ofc-library/dot_base.php</path><md5>ee46930b09a81279c3f0d281eb8f773d</md5><size>3974</size></file>
<file><path>pages/php-ofc-library/ofc_area_line.php</path><md5>c78e838fa14a6d077a2cd79b19e2fea2</md5><size>140</size></file>
<file><path>pages/php-ofc-library/ofc_area_hollow.php</path><md5>e9dba5b040c9e518839079bb2f5a4699</md5><size>146</size></file>
<file><path>pages/php-ofc-library/ofc_y_axis_right.php</path><md5>c54e4fd474b02b85e97a09e1ae6c0df5</md5><size>81</size></file>
<file><path>pages/php-ofc-library/ofc_bar_base.php</path><md5>8cf30b70c057aebd3b111ad3dec9f0a0</md5><size>1642</size></file>
<file><path>pages/php-ofc-library/ofc_line_base.php</path><md5>25e816b9179731b4b98a3e6d920caf29</md5><size>1366</size></file>
<file><path>pages/php-ofc-library/ofc_shape.php</path><md5>c0846b712251b25b780fc78e673b19ae</md5><size>316</size></file>
<file><path>pages/index.php</path><md5>76264ff78cc33565b679e1aaaf123ed4</md5><size>46</size></file>
<file><path>pages/run_query.php</path><md5>7761699228e70afe212ccae10946548c</md5><size>6220</size></file>
<file><path>pages/schema.php</path><md5>aeff279019368b9f7f860d725a752e3b</md5><size>19243</size></file>
<file><path>pages/UniversalSearch.php</path><md5>217ac6514be6039239192c9942046b87</md5><size>3900</size></file>
<file><path>pages/opensearch.xml.php</path><md5>4a94c90dab3d396708d333c44a232e2c</md5><size>2320</size></file>
<file><path>pages/logoff.php</path><md5>9799cedc03cf2045fa0b5ec4d7ec11a4</md5><size>1865</size></file>
<file><path>pages/csvimport.php</path><md5>ef92847405b815352b5220be253ca1af</md5><size>44786</size></file>
<file><path>pages/xml.navigator.php</path><md5>195abd251d22d6d8f946580e7e1ad317</md5><size>6938</size></file>
<file><path>pages/ajax.csvimport.php</path><md5>311e54306c3e07aedcea178622605df2</md5><size>14889</size></file>
<file><path>pages/UI.php</path><md5>d69c09b09650507fed9aff1abd781a41</md5><size>57819</size></file>
<file><path>pages/graphviz.php</path><md5>28dd28864b58319d25191c8dc7e54d68</md5><size>4581</size></file>
<file><path>core/trigger.class.inc.php</path><md5>920236ce2ee56863e264c64004695be7</md5><size>10795</size></file>
<file><path>core/userrights.class.inc.php</path><md5>6aae77d7d60b73033c9772c2b5cff176</md5><size>22051</size></file>
<file><path>core/action.class.inc.php</path><md5>935046cd610ef9fc2fbf700a0ef48ab4</md5><size>12899</size></file>
<file><path>core/event.class.inc.php</path><md5>0e1850ed003d669ac875596a7b4421db</md5><size>12769</size></file>
<file><path>core/bulkchange.class.inc.php</path><md5>093d3c86bb0504ed3353022e07311b81</md5><size>17378</size></file>
<file><path>core/dbobjectset.class.php</path><md5>ff69a1843dba88b436c9aab5686a8bbb</md5><size>10811</size></file>
<file><path>core/dbobjectsearch.class.php</path><md5>b8ca8ba2f2a394a92d2417757e397a21</md5><size>30804</size></file>
<file><path>core/ormdocument.class.inc.php</path><md5>e798f89413209d693df59661349d74e5</md5><size>3332</size></file>
<file><path>core/filterdef.class.inc.php</path><md5>9168d8a1204c3ca9d057bbb7088f868e</md5><size>6035</size></file>
<file><path>core/stimulus.class.inc.php</path><md5>ef8f29f031760f11e26a0c6fb2cb57b7</md5><size>3638</size></file>
<file><path>core/dbobject.class.php</path><md5>acf1445a00b6de4a4a56f5d504121711</md5><size>40494</size></file>
<file><path>core/csvparser.class.inc.php</path><md5>a1398065be92452dffab03ce753e83ce</md5><size>6695</size></file>
<file><path>core/attributedef.class.inc.php</path><md5>797ba7bc49a614076d6a5fea5280bac6</md5><size>66622</size></file>
<file><path>core/kpi.class.inc.php</path><md5>d8ad87f7bbee35eb65f86f92d9bc865e</md5><size>5576</size></file>
<file><path>core/simplecrypt.class.inc.php</path><md5>a0cc3be5b01aede1088b09568adbfb71</md5><size>6948</size></file>
<file><path>core/data.generator.class.inc.php</path><md5>46ae6affc36114f5948d4a9a47e1759e</md5><size>11780</size></file>
<file><path>core/expression.class.inc.php</path><md5>90124768c2c2b07161bef51694332663</md5><size>14121</size></file>
<file><path>core/valuesetdef.class.inc.php</path><md5>e85d5bf0bafa5ad53a94eb06e87d628a</md5><size>7385</size></file>
<file><path>core/email.class.inc.php</path><md5>c723d66120e5d886fccca93e024b094a</md5><size>3827</size></file>
<file><path>core/dict.class.inc.php</path><md5>107715e068ad2318194c51926b350893</md5><size>7346</size></file>
<file><path>core/ormpassword.class.inc.php</path><md5>ecfb3d525c51d14d32b1d7837093c239</md5><size>3242</size></file>
<file><path>core/MyHelpers.class.inc.php</path><md5>f8bab547fcb2a82901ea9e6e806b0b85</md5><size>14772</size></file>
<file><path>core/metamodel.class.php</path><md5>b4a35f43235f5086deef13fc7f835770</md5><size>123324</size></file>
<file><path>core/coreexception.class.inc.php</path><md5>798cebb133b2977688b2616501425aa8</md5><size>2857</size></file>
<file><path>core/oql/oqlexception.class.inc.php</path><md5>599d760006468f3280f4f6f1cf4dcc8f</md5><size>3482</size></file>
<file><path>core/oql/oqlinterpreter.class.inc.php</path><md5>d848ad4a6775b1b017d23a14653d029d</md5><size>2383</size></file>
<file><path>core/oql/oql-parser.php</path><md5>cf6b7c23acf7912ebaa1ee14a43404df</md5><size>69091</size></file>
<file><path>core/oql/oqlquery.class.inc.php</path><md5>2eb560b71413ba34f2c7ed82a758cc3f</md5><size>4662</size></file>
<file><path>core/oql/oql-lexer.php</path><md5>76e0f6cec2e177bb03e029f5dae688e5</md5><size>13547</size></file>
<file><path>core/cmdbchangeop.class.inc.php</path><md5>8f1a302dcd01ce64849dc76ac7ec71c1</md5><size>17556</size></file>
<file><path>core/cmdbsource.class.inc.php</path><md5>31aa7faa0feb7328bac207128c88273d</md5><size>14420</size></file>
<file><path>core/cmdbobject.class.inc.php</path><md5>efcedddd9bb25ed8618135f6f8ba487f</md5><size>16587</size></file>
<file><path>core/sqlquery.class.inc.php</path><md5>6610fac8d27cfa9a7ece977c63c35b46</md5><size>14366</size></file>
<file><path>core/archive.class.inc.php</path><md5>0f8a83f5f6f7c6f4a7df67cc886b6870</md5><size>11973</size></file>
<file><path>core/config.class.inc.php</path><md5>eaebe8489813cebad034ddb245d3dd24</md5><size>28691</size></file>
<file><path>core/log.class.inc.php</path><md5>d3bc992b62da61072d6fec355c3230d1</md5><size>2766</size></file>
<file><path>core/cmdbchange.class.inc.php</path><md5>97752b360d0a7b6d6437435775150901</md5><size>1984</size></file>
<file><path>dictionaries/fr.dictionary.itop.core.php</path><md5>896f67bb65bdb7e4352625b148e57ec8</md5><size>15512</size></file>
<file><path>dictionaries/es_cr.dictionary.itop.core.php</path><md5>3694a91cfcb05365f4a6c07a5cabe774</md5><size>16121</size></file>
<file><path>dictionaries/es_cr.dictionary.itop.ui.php</path><md5>94bcd462563229e742b66b2320cee433</md5><size>47341</size></file>
<file><path>dictionaries/dictionary.itop.core.php</path><md5>236b71875fd068f6155de03cf5db9664</md5><size>15359</size></file>
<file><path>dictionaries/dictionary.itop.ui.php</path><md5>dfad3db5ad3a178187738cb0742ae051</md5><size>48740</size></file>
<file><path>dictionaries/de.dictionary.itop.ui.php</path><md5>b1446cbf0f7dbea57fa0f399d5c15efb</md5><size>54076</size></file>
<file><path>dictionaries/de.dictionary.itop.core.php</path><md5>4facffbbdcab540e99ff8a18ffe7f555</md5><size>15863</size></file>
<file><path>dictionaries/pt_br.dictionary.itop.core.php</path><md5>5a987fd59cda22a34cddb3248e82436e</md5><size>15992</size></file>
<file><path>dictionaries/pt_br.dictionary.itop.ui.php</path><md5>f28c387756120473c6ef2a5d92116bc0</md5><size>47827</size></file>
<file><path>dictionaries/dictionary.itop.model.php</path><md5>c6b95277a43ac266a974f81505778900</md5><size>1027</size></file>
<file><path>dictionaries/fr.dictionary.itop.ui.php</path><md5>8993531eaca553b222c6ff495a454065</md5><size>50581</size></file>
<file><path>setup/setup.js</path><md5>f490ed29d56a64363e10e2bdd1b2366b</md5><size>4748</size></file>
<file><path>setup/email.test.php</path><md5>dc7e0ce8ba600f50de1e0b31dbb76e6f</md5><size>6593</size></file>
<file><path>setup/xmldataloader.class.inc.php</path><md5>98b01e073a9c970481338d86c14f858a</md5><size>13297</size></file>
<file><path>setup/index.php</path><md5>0a324280ba6c8bcfe3efcd7b1093272d</md5><size>49471</size></file>
<file><path>setup/jquery.progression.js</path><md5>914bfdbd6de83409c7efd975f37d38c0</md5><size>4866</size></file>
<file><path>setup/phpinfo.php</path><md5>9dccf462d245f55ac3e0cdb0e5401f5b</md5><size>20</size></file>
<file><path>setup/licence.html</path><md5>d438070cd3d4d34f4a839947387f9694</md5><size>37346</size></file>
<file><path>setup/ajax.dataloader.php</path><md5>68f4e13dbf1b6c2632926ebcb3f0f990</md5><size>5415</size></file>
<file><path>setup/moduleinstallation.class.inc.php</path><md5>4312589baedaae72788aa05b98b482d1</md5><size>3234</size></file>
<file><path>setup/setuppage.class.inc.php</path><md5>42cdaea826f0d62366888894a4dda534</md5><size>8674</size></file>
<file><path>setup/orange-progress.gif</path><md5>7bcea4a9ab7491450b543a2e54206231</md5><size>40302</size></file>
<file><path>doc/itop-documentation.htm</path><md5>56aab8128ee8a0b786a84a417d837644</md5><size>7257</size></file>
<file><path>css/ui-lightness/images/ui-icons_ef8c08_256x240.png</path><md5>ef9a6ccfe3b14041928ddc708665b226</md5><size>4369</size></file>
<file><path>css/ui-lightness/images/ui-bg_highlight-soft_100_eeeeee_1x100.png</path><md5>384c3f17709ba0f809b023b6e7b10b84</md5><size>90</size></file>
<file><path>css/ui-lightness/images/ui-icons_228ef1_256x240.png</path><md5>79f41c0765e9ec18562b20b0801d748b</md5><size>4369</size></file>
<file><path>css/ui-lightness/images/ui-bg_highlight-soft_75_ffe45c_1x100.png</path><md5>b806658954cb4d16ade8977af737f486</md5><size>129</size></file>
<file><path>css/ui-lightness/images/ui-bg_diagonals-thick_20_666666_40x40.png</path><md5>f040b255ca13e693da34ab33c7d6b554</md5><size>251</size></file>
<file><path>css/ui-lightness/images/ui-bg_diagonals-thick_18_b81900_40x40.png</path><md5>95f9cceeb9d742dd3e917ec16ed754f8</md5><size>260</size></file>
<file><path>css/ui-lightness/images/ui-bg_flat_10_000000_40x100.png</path><md5>c18cd01623c7fed23c80d53e2f5e7c78</md5><size>178</size></file>
<file><path>css/ui-lightness/images/ui-bg_glass_100_fdf5ce_1x400.png</path><md5>d26e8f463195a7b86f86b7d550cfc114</md5><size>125</size></file>
<file><path>css/ui-lightness/images/ui-icons_ffffff_256x240.png</path><md5>342bc03f6264c75d3f1d7f99e34295b9</md5><size>4369</size></file>
<file><path>css/ui-lightness/images/ui-bg_glass_65_ffffff_1x400.png</path><md5>e5a8f32e28fd5c27bf0fed33c8a8b9b5</md5><size>105</size></file>
<file><path>css/ui-lightness/images/ui-bg_gloss-wave_35_f6a828_500x100.png</path><md5>58d2cd501e01573cf537089c694ba899</md5><size>3762</size></file>
<file><path>css/ui-lightness/images/ui-icons_222222_256x240.png</path><md5>ebe6b6902a408fbf9cac6379a1477525</md5><size>4369</size></file>
<file><path>css/ui-lightness/images/ui-icons_ffd27a_256x240.png</path><md5>ab8c30acc0e3608fb79e01fccf832c70</md5><size>4369</size></file>
<file><path>css/ui-lightness/images/ui-bg_glass_100_f6f6f6_1x400.png</path><md5>5f1847175ba18c41322cb9cb0581e0fb</md5><size>104</size></file>
<file><path>css/ui-lightness/images/ui-anim_basic_16x16.gif</path><md5>03ce3dcc84af110e9da8699a841e5200</md5><size>1553</size></file>
<file><path>css/ui-lightness/jquery-ui-1.8.2.custom.css</path><md5>e674cdfb451b8936c8f0a6576daf7eb1</md5><size>31652</size></file>
<file><path>css/blue_green.css</path><md5>90f0c4674d5fe93738a70356cb4c458c</md5><size>4839</size></file>
<file><path>css/jquery.treeview.css</path><md5>e1dcd530d663c5808552899cb28c9d95</md5><size>1355</size></file>
<file><path>css/light-grey.css</path><md5>dbcc6172495d0cd3700a3f78bf84a968</md5><size>19313</size></file>
<file><path>css/jqModal.css</path><md5>cb4024768e062faae2359f0446ccf0a2</md5><size>1272</size></file>
<file><path>css/jquery.tabs.css</path><md5>a306f0c8889d1e8a82ce84258821e79e</md5><size>2272</size></file>
<file><path>css/date.picker.css</path><md5>4a8c8283effbdadceac592fc94598d64</md5><size>2283</size></file>
<file><path>css/default.css</path><md5>004a62d37222b59f092531a705b7e873</md5><size>3821</size></file>
<file><path>css/jquery.autocomplete.css</path><md5>88def8417a8aefc9fa5d833a4f4d0373</md5><size>807</size></file>
<file><path>css/jquery.tabs-ie.css</path><md5>ab7e8be334de1a5eec6b16fc9f72fa3f</md5><size>329</size></file>
<file><path>webservices/itopsoap.examples.php</path><md5>e68dc8b0e0d6f14ed18a71fb3e4228e4</md5><size>3220</size></file>
<file><path>webservices/export.php</path><md5>26437b31007c0119da5c640d4a05d208</md5><size>3949</size></file>
<file><path>webservices/itop.wsdl.tpl</path><md5>930fce0893722746fbfd37a5adaa404f</md5><size>9288</size></file>
<file><path>webservices/check_sla_for_tickets.php</path><md5>e8355244fe149be828f78ed1f80c053e</md5><size>2643</size></file>
<file><path>webservices/webservices.class.inc.php</path><md5>3f7d73bb7b2caf1862f2b65216528f2c</md5><size>18481</size></file>
<file><path>webservices/import.php</path><md5>f83308d796e376caad8108e0d82b2c79</md5><size>19055</size></file>
<file><path>webservices/itop.wsdl.php</path><md5>623b21b69a658316d451b7b9a2e80409</md5><size>1666</size></file>
<file><path>webservices/itopsoaptypes.class.inc.php</path><md5>8f9850889097d519863c8760136d4158</md5><size>3809</size></file>
<file><path>webservices/soapserver.php</path><md5>9b953c5dcb9047c1c4b7a486d107b31e</md5><size>2206</size></file>
<file><path>webservices/backoffice.dataloader.php</path><md5>f011dbc776231e515c5b78bfa4a14762</md5><size>5257</size></file>
</files>