<?xml version="1.0" encoding="UTF-8"?>
<Set>
<NetworkInterface alias="NetworkInterface" id="1">
<name>A0</name>
<status>production</status>
<org_id>2</org_id>
<importance>medium</importance>
<brand></brand>
<model></model>
<serial_number></serial_number>
<asset_ref></asset_ref>
<device_id>4</device_id>
<logical_type>primary</logical_type>
<physical_type>ethernet</physical_type>
<ip_address>10.1.1.2</ip_address>
<ip_mask>255.255.255.0</ip_mask>
<mac_address></mac_address>
<speed>1000</speed>
<duplex>full</duplex>
<connected_if>0</connected_if>
<link_type>downlink</link_type>
</NetworkInterface>
<NetworkInterface alias="NetworkInterface" id="2">
<name>A1</name>
<status>production</status>
<org_id>2</org_id>
<importance>medium</importance>
<brand></brand>
<model></model>
<serial_number></serial_number>
<asset_ref></asset_ref>
<device_id>4</device_id>
<logical_type>primary</logical_type>
<physical_type>ethernet</physical_type>
<ip_address></ip_address>
<ip_mask></ip_mask>
<mac_address></mac_address>
<speed></speed>
<duplex>full</duplex>
<connected_if>0</connected_if>
<link_type>uplink</link_type>
</NetworkInterface>
<NetworkInterface alias="NetworkInterface" id="3">
<name>A2</name>
<status>implementation</status>
<org_id>2</org_id>
<importance>medium</importance>
<brand></brand>
<model></model>
<serial_number></serial_number>
<asset_ref></asset_ref>
<device_id>4</device_id>
<logical_type>primary</logical_type>
<physical_type>ethernet</physical_type>
<ip_address></ip_address>
<ip_mask></ip_mask>
<mac_address></mac_address>
<speed></speed>
<duplex>full</duplex>
<connected_if></connected_if>
<link_type>downlink</link_type>
</NetworkInterface>
<NetworkInterface alias="NetworkInterface" id="4">
<name>eth0</name>
<status>implementation</status>
<org_id>2</org_id>
<importance>medium</importance>
<brand></brand>
<model></model>
<serial_number></serial_number>
<asset_ref></asset_ref>
<device_id>2</device_id>
<logical_type>primary</logical_type>
<physical_type>ethernet</physical_type>
<ip_address>10.1.1.10</ip_address>
<ip_mask>255.255.255.0</ip_mask>
<mac_address>00:a2:23:45:34:77</mac_address>
<speed></speed>
<duplex>full</duplex>
<connected_if>2</connected_if>
<link_type>uplink</link_type>
</NetworkInterface>
<NetworkInterface alias="NetworkInterface" id="5">
<name>eth0</name>
<status>production</status>
<org_id>2</org_id>
<importance>medium</importance>
<brand></brand>
<model></model>
<serial_number></serial_number>
<asset_ref></asset_ref>
<device_id>9</device_id>
<logical_type>primary</logical_type>
<physical_type>ethernet</physical_type>
<ip_address>10.1.1.20</ip_address>
<ip_mask>255.255.255.0</ip_mask>
<mac_address></mac_address>
<speed></speed>
<duplex>full</duplex>
<connected_if>3</connected_if>
<link_type>uplink</link_type>
</NetworkInterface>
<NetworkInterface alias="NetworkInterface" id="6">
<name>A0</name>
<status>production</status>
<org_id>2</org_id>
<importance>medium</importance>
<brand></brand>
<model></model>
<serial_number></serial_number>
<asset_ref></asset_ref>
<device_id>1</device_id>
<logical_type>primary</logical_type>
<physical_type>ethernet</physical_type>
<ip_address></ip_address>
<ip_mask></ip_mask>
<mac_address></mac_address>
<speed>1000</speed>
<duplex>full</duplex>
<connected_if>1</connected_if>
<link_type>downlink</link_type>
</NetworkInterface>
</Set>