<?xml version="1.0" encoding="UTF-8"?>
<Set>
<lnkSLTToSLA alias="lnkSLTToSLA" id="2">
<sla_id>3</sla_id>
<slt_id>2</slt_id>
</lnkSLTToSLA>
<lnkSLTToSLA alias="lnkSLTToSLA" id="5">
<sla_id>3</sla_id>
<slt_id>5</slt_id>
</lnkSLTToSLA>
<lnkSLTToSLA alias="lnkSLTToSLA" id="3">
<sla_id>4</sla_id>
<slt_id>3</slt_id>
</lnkSLTToSLA>
<lnkSLTToSLA alias="lnkSLTToSLA" id="6">
<sla_id>4</sla_id>
<slt_id>6</slt_id>
</lnkSLTToSLA>
<lnkSLTToSLA alias="lnkSLTToSLA" id="1">
<sla_id>5</sla_id>
<slt_id>1</slt_id>
</lnkSLTToSLA>
<lnkSLTToSLA alias="lnkSLTToSLA" id="4">
<sla_id>5</sla_id>
<slt_id>4</slt_id>
</lnkSLTToSLA>
<lnkSLTToSLA alias="lnkSLTToSLA" id="8">
<sla_id>6</sla_id>
<slt_id>2</slt_id>
</lnkSLTToSLA>
<lnkSLTToSLA alias="lnkSLTToSLA" id="11">
<sla_id>6</sla_id>
<slt_id>5</slt_id>
</lnkSLTToSLA>
<lnkSLTToSLA alias="lnkSLTToSLA" id="9">
<sla_id>7</sla_id>
<slt_id>3</slt_id>
</lnkSLTToSLA>
<lnkSLTToSLA alias="lnkSLTToSLA" id="12">
<sla_id>7</sla_id>
<slt_id>6</slt_id>
</lnkSLTToSLA>
<lnkSLTToSLA alias="lnkSLTToSLA" id="7">
<sla_id>8</sla_id>
<slt_id>1</slt_id>
</lnkSLTToSLA>
<lnkSLTToSLA alias="lnkSLTToSLA" id="10">
<sla_id>8</sla_id>
<slt_id>4</slt_id>
</lnkSLTToSLA>
</Set>